grupo,mediana,q1,q3,n
"γ = 0,25",15.8186,14.851518837163926,16.97666585755317,9414
"γ = 0,50",24.08264860976205,22.806258912740166,25.33414919063237,9414
"γ = 0,75",32.94663827177384,31.064243450002937,34.756329082269694,9414
"γ = 1,00",42.00783028080294,39.39059008526144,44.430166278652045,9414
