grupo,mediana,q1,q3,n
Sem redução nominal,4.5e-05,0.0,0.006045,103550
Redução de 1 período,0.005157821904158592,-0.003801798990696247,0.014244,67684
Redução de 2 períodos,0.012121,-0.003908,0.028042387466123343,22110
Redução de 3 ou mais períodos,0.008860285203892563,-0.03640952923644336,0.03434794010241022,6885
