grupo,mediana,q1,q3,n
Q1 do SIF,0.0,-0.0012249999999999987,0.0006410000000000027,70662
Q2 do SIF,0.0,-0.0013441049278390166,0.00042199999999997795,61112
Q3 do SIF,0.0,-0.0009840000000000126,0.0007969999999999922,38821
Q4 do SIF,0.0,-0.0008100000000000052,0.0006903129866806953,29634
