grupo,mediana,q1,q3,n
Sem redução nominal,0.002494618047631432,0.0,0.012558594133825185,1349
Redução de 1 período,0.004641087447049453,-0.006968446630038063,0.011248,594
Redução de 2 períodos,0.005754777496839798,-0.004976713584699911,0.01142444121365365,184
Redução de 3 ou mais períodos,-0.007566000000000201,-0.040539000000000186,0.006661,120
