grupo,mediana,q1,q3,n
Sem redução nominal,0.0,-0.002876738599033798,0.004003,416
Redução de 1 período,-0.01707,-0.035216304603174604,-0.002689,120
