grupo,mediana,q1,q3,n
Sem redução nominal,0.0,-0.000506,0.00871540963855352,132
Redução de 1 período,0.004517137254901881,0.003233923157335223,0.017266,194
Redução de 2 períodos,0.016970555681549728,-0.0060014117647059495,0.01707969548783369,53
Redução de 3 ou mais períodos,-0.04161574397590362,-0.058261,-0.015825871987951802,2
