grupo,mediana,q1,q3,n
Sem redução nominal,0.0,-0.000146,9.8e-05,283
Redução de 1 período,0.008784,-0.0006706407228915668,0.01801,330
Redução de 2 períodos,0.030126,0.028954843072289155,0.031542590361445785,81
Redução de 3 ou mais períodos,0.034914,0.034433,0.035821,4
