grupo,mediana,q1,q3,n
Sem redução nominal,0.004145,0.0,0.024042479999998662,780
Redução de 1 período,0.0036881006211178383,-0.00793952223602517,0.018688880933191855,173
