ordem,instance_id,cenarios,baselines_com_crashing,sif_mediano,sif_medio
1,J3018_3,326,10,4.0,5.598159509202454
2,J3019_4,953,15,24.0,21.739769150052467
3,J3038_5,536,26,41.0,45.69589552238806
4,J3041_5,2247,37,50.0,51.26346239430352
5,J3019_2,698,4,75.0,74.91404011461319
6,J3031_1,381,7,237.0,234.27034120734908
